"Reference","Qty","Value","DNP","Exclude from BOM","Exclude from Board","Footprint","Datasheet"
"C1","1","CL05A105KA5NQNC","","","","easyeda2kicad:C0402","https://lcsc.com/product-detail/Multilayer-Ceramic-Capacitors-MLCC-SMD-SMT_SAMSUNG_CL05A105KA5NQNC_1uF-105-10-25V_C52923.html"
"C2,C5,C7,C10,C11,C12,C21,C23,C24,C25,C26,C27","12","CL21A106KAYNNNE","","","","easyeda2kicad:C0805","https://lcsc.com/product-detail/Multilayer-Ceramic-Capacitors-MLCC-SMD-SMT_SAMSUNG_CL21A106KAYNNNE_10uF-106-10-25V_C15850.html"
"C3,C4","2","CL21A226MAQNNNE","","","","easyeda2kicad:C0805","https://lcsc.com/product-detail/Multilayer-Ceramic-Capacitors-MLCC-SMD-SMT_SAMSUNG_CL21A226MAQNNNE_22uF-226-20-25V_C45783.html"
"C6","1","CL10A475KO8NNNC","","","","easyeda2kicad:C0603","https://lcsc.com/product-detail/Multilayer-Ceramic-Capacitors-MLCC-SMD-SMT_SAMSUNG_CL10A475KO8NNNC_4-7uF-475-10-16V_C19666.html"
"C8","1","0402B473K500NT","","","","easyeda2kicad:C0402","https://lcsc.com/product-detail/Multilayer-Ceramic-Capacitors-MLCC-SMD-SMT_47nF-473-10-50V_C82219.html"
"C9,C15,C16,C17,C18,C19,C20,C22","8","CL05B104KO5NNNC","","","","easyeda2kicad:C0402","https://lcsc.com/product-detail/Multilayer-Ceramic-Capacitors-MLCC-SMD-SMT_SAMSUNG_CL05B104KO5NNNC_100nF-104-10-16V_C1525.html"
"C13,C14","2","CC0402JRNPO9BN270","","","","easyeda2kicad:C0402","https://lcsc.com/product-detail/Multilayer-Ceramic-Capacitors-MLCC-SMD-SMT_27pF-270-5-50V_C107002.html"
"C28,C29","2","470 uF","","","","Capacitor_SMD:CP_Elec_8x10.5",""
"Card1","1","TF-01A","","","","easyeda2kicad:TF-SMD_TF-01A","https://lcsc.com/product-detail/Card-Sockets_TF-01A_C91145.html"
"CN1","1","XT30UPB-M","","","","easyeda2kicad:CONN-TH_XT30UPB-M","https://lcsc.com/product-detail/Power-Connectors_Changzhou-Amass-Elec-XT30UPB-M_C428721.html"
"CN2,CN4,CN6,CN7","4","2060-453-HDGC","","","","easyeda2kicad:CONN-SMD_2060-453-HDGC","https://www.lcsc.com/datasheet/C55251567.pdf"
"CN3","1","2060-452-HDGC","","","","easyeda2kicad:CONN-SMD_2060-452-HDGC","https://www.lcsc.com/datasheet/C55251566.pdf"
"D1","1","USBLC6-2SC6","","","","easyeda2kicad:SOT-23-6_L2.9-W1.6-P0.95-LS2.8-BL","https://lcsc.com/product-detail/Diodes-ESD_STMicroelectronics_USBLC6-2SC6_USBLC6-2SC6_C7519.html"
"J1","1","Connector, USB-TYPE-C-16P","","","","PCM_JLCPCB:TYPE-C-SMD_HX-TYPE-C-16PIN","https://atta.szlcsc.com/upload/public/pdf/source/20220920/0EF8F885FCCEA71F60E9E85152155021.pdf"
"L1","1","SWPA4030S1R0NT","","","","easyeda2kicad:IND-SMD_L4.0-W4.0_SWPA4018S","https://lcsc.com/product-detail/Power-Inductors_1uH-30_C42193.html"
"L2","1","SMNR4020-2.2UH","","","","easyeda2kicad:IND-SMD_L4.0-W4.0_LQH44PN2R2MP0L","https://lcsc.com/product-detail/Power-Inductors_2-2uH-20_C135262.html"
"L3","1","SWPA3015S4R7MT","","","","easyeda2kicad:IND-SMD_L3.0-W3.0_FNR30XXS","https://lcsc.com/product-detail/Power-Inductors_4-7uH-20_C19398.html"
"L4","1","SWPA6045S1R5NT","","","","easyeda2kicad:IND-SMD_L6.0-W6.0_SWPA6045S","https://lcsc.com/product-detail/Power-Inductors_1-5uH-30_C96956.html"
"LED1","1","0603White light_C2290","","","","easyeda2kicad:LED0603-R-RD_WHITE","https://lcsc.com/product-detail/Light-Emitting-Diodes-LED_0603White-light_C2290.html"
"LED2","1","KT-0603R","","","","easyeda2kicad:LED-SMD_L1.6-W0.8-R-RD","https://lcsc.com/product-detail/Light-Emitting-Diodes-LED_Red-LED-0603_C2286.html"
"R1,R2,R3,R4,R12,R13,R14,R15,R16","9","0402WGF1002TCE","","","","easyeda2kicad:R0402","https://lcsc.com/product-detail/Chip-Resistor-Surface-Mount-UniOhm_10KR-1002-1_C25744.html"
"R5,R6,R19","3","0402WGF1001TCE","","","","easyeda2kicad:R0402","https://lcsc.com/product-detail/Chip-Resistor-Surface-Mount-UniOhm_1KR-1001-1_C11702.html"
"R7,R9","2","0402WGF5101TCE","","","","easyeda2kicad:R0402","https://lcsc.com/product-detail/Chip-Resistor-Surface-Mount-UniOhm_5-1KR-5101-1_C25905.html"
"R8","1","0603WAF1003T5E","","","","easyeda2kicad:R0603","https://lcsc.com/product-detail/Chip-Resistor-Surface-Mount-UniOhm_100KR-1003-1_C25803.html"
"R10","1","0603WAF2202T5E","","","","easyeda2kicad:R0603","https://lcsc.com/product-detail/Chip-Resistor-Surface-Mount-UniOhm_22KR-2202-1_C31850.html"
"R11","1","0402WGF2000TCE","","","","easyeda2kicad:R0402","https://lcsc.com/product-detail/Chip-Resistor-Surface-Mount-UniOhm_200R-2000-1_C25087.html"
"R17,R18","2","0402WGF270JTCE","","","","easyeda2kicad:R0402","https://lcsc.com/product-detail/Chip-Resistor-Surface-Mount-UniOhm_27R-27R0-1_C25100.html"
"R20,R21","2","0402WGF4701TCE","","","","easyeda2kicad:R0402","https://lcsc.com/product-detail/Chip-Resistor-Surface-Mount-UniOhm_4-7KR-4701-1_C25900.html"
"SW1","1","TS-1187A-B-A-B","","","","easyeda2kicad:SW-SMD_4P-L5.1-W5.1-P3.70-LS6.5-TL_H1.5","https://lcsc.com/product-detail/Tactile-Switches_XKB-Enterprise-TS-1187-B-A-A_C318884.html"
"U1","1","RP2350B_C42415655","","","","easyeda2kicad:QFN-80_L10.0-W10.0-P0.40-TL-EP3.4","https://www.lcsc.com/datasheet/C42415655.pdf"
"U3","1","BMP581","","","","easyeda2kicad:LGA-10_L2.0-W2.0-P0.50-TL_BMP581","https://www.lcsc.com/datasheet/C5362283.pdf"
"U4","1","ICM-45686","","","","easyeda2kicad:LGA-14_L3.0-W2.5-P0.50-TL","https://www.lcsc.com/datasheet/C22459454.pdf"
"U5","1","BQ25883RGER","","","","easyeda2kicad:VFQFPN-24_L4.0-W4.0-P0.50-BL-EP2.8","https://www.lcsc.com/datasheet/C544362.pdf"
"U6","1","LMR51430YFDDCR","","","","easyeda2kicad:SOT-23-6_L2.9-W1.6-P0.95-LS2.9-BL","https://www.lcsc.com/datasheet/C5219261.pdf"
"U7","1","TPS630701RNMR","","","","easyeda2kicad:VQFN-HR-15_L3.0-W2.5-P0.50-BL_TPS63070RNMR","https://www.lcsc.com/datasheet/C2876599.pdf"
"U8","1","GD25Q128ESIGR","","","","easyeda2kicad:SOP-8_L5.3-W5.3-P1.27-LS8.0-BL","https://www.lcsc.com/datasheet/C2928891.pdf"
"X2","1","X322512MSB4SI","","","","easyeda2kicad:CRYSTAL-SMD_4P-L3.2-W2.5-BL","https://lcsc.com/product-detail/SMD-Crystals_YSX321SL-12MHZ-20PF-10PPM-40-85_C9002.html"
